grupo,completion_rate
Test,0.700438547171933
Control,0.6596572210112408
