grupo,tasa_error
Control,0.26262111167771546
Test,0.3357312370216553
