grupo,tiempo_promedio
Test,413.5301667969768
Control,400.19459525884224
