process_step,time_spent_test
confirm,235.44653179190752
start,61.471493642467024
step_1,60.64696445157477
step_2,88.6640405748098
step_3,129.6483072048032
