process_step,time_spent_control
confirm,163.47253306205494
start,66.61842142077725
step_1,50.471740132084165
step_2,91.87875298182118
step_3,136.92456365249976
